PositionQuantity,AvgPrice,Return,Capital,TimeStamp,MarketPrice
0.0,0.0,0.0,105201.33,2026-03-10 13:32:00+00:00,405.35
0.0,0.0,0.0,105201.33,2026-03-10 13:33:00+00:00,404.09
0.0,0.0,0.0,105201.33,2026-03-10 13:34:00+00:00,404.16
0.0,0.0,0.0,105201.33,2026-03-10 13:35:00+00:00,402.55
0.0,0.0,0.0,105201.33,2026-03-10 13:36:00+00:00,403.12
0.0,0.0,0.0,105201.33,2026-03-10 13:37:00+00:00,402.81
0.0,0.0,0.0,105201.33,2026-03-10 13:38:00+00:00,402.69
0.0,0.0,0.0,105201.33,2026-03-10 13:39:00+00:00,402.9
0.0,0.0,0.0,105201.33,2026-03-10 13:40:00+00:00,402.93
0.0,0.0,0.0,105201.33,2026-03-10 13:41:00+00:00,403.58
0.0,0.0,0.0,105201.33,2026-03-10 13:42:00+00:00,402.82
0.0,0.0,0.0,105201.33,2026-03-10 13:43:00+00:00,401.985
0.0,0.0,0.0,105201.33,2026-03-10 13:44:00+00:00,403.53
0.0,0.0,0.0,105201.33,2026-03-10 13:45:00+00:00,403.32
0.0,0.0,0.0,105201.33,2026-03-10 13:46:00+00:00,403.9
0.0,0.0,0.0,105201.33,2026-03-10 13:47:00+00:00,402.99
0.0,0.0,0.0,105201.33,2026-03-10 13:48:00+00:00,402.38
0.0,0.0,0.0,105201.33,2026-03-10 13:49:00+00:00,403.48
0.0,0.0,0.0,105201.33,2026-03-10 13:50:00+00:00,404.3
0.0,0.0,0.0,105201.33,2026-03-10 13:51:00+00:00,404.71
0.0,0.0,0.0,105201.33,2026-03-10 13:52:00+00:00,405.52
0.0,0.0,0.0,105201.33,2026-03-10 13:53:00+00:00,406.45
0.0,0.0,0.0,105201.33,2026-03-10 13:54:00+00:00,405.84
0.0,0.0,0.0,105201.33,2026-03-10 13:55:00+00:00,405.95
0.0,0.0,0.0,90149.93,2026-03-10 13:56:00+00:00,406.095
0.0,0.0,0.0,77359.67,2026-03-10 13:57:00+00:00,406.36
0.0,0.0,0.0,66408.27,2026-03-10 13:58:00+00:00,405.41
0.0,0.0,0.0,57052.44,2026-03-10 13:59:00+00:00,405.99
0.0,0.0,0.0,49287.56,2026-03-10 14:00:00+00:00,405.165
0.0,0.0,0.0,42442.92,2026-03-10 14:01:00+00:00,405.77
0.0,0.0,0.0,36516.19,2026-03-10 14:02:00+00:00,405.38
0.0,0.0,0.0,31514.15,2026-03-10 14:03:00+00:00,404.01
0.0,0.0,0.0,27166.45,2026-03-10 14:04:00+00:00,404.605
0.0,0.0,0.0,23737.46,2026-03-10 14:05:00+00:00,405.06
0.0,0.0,0.0,20568.09,2026-03-10 14:06:00+00:00,405.28
0.0,0.0,0.0,39999.41,2026-03-10 14:07:00+00:00,403.94
0.0,0.0,0.0,47895.29,2026-03-10 14:08:00+00:00,403.5
9.0,403.5,-3631.5,45658.34,2026-03-10 14:09:00+00:00,402.75
17.0,403.1470588235294,-3222.0,42060.76,2026-03-10 14:10:00+00:00,403.36
24.0,403.2091666666667,-2823.52,38913.82,2026-03-10 14:11:00+00:00,402.19
30.0,403.0053333333333,-2413.14,34894.69,2026-03-10 14:12:00+00:00,402.74
36.0,402.9611111111111,-2416.44,30052.85,2026-03-10 14:13:00+00:00,402.63
41.0,402.9207317073171,-2013.15,26021.3,2026-03-10 14:14:00+00:00,402.65
45.0,402.89666666666665,-1610.6,22794.65,2026-03-10 14:15:00+00:00,402.42
48.0,402.866875,-1207.26,19973.69,2026-03-10 14:16:00+00:00,402.585
51.0,402.850294117647,-1207.755,17553.575,2026-03-10 14:17:00+00:00,403.06
54.0,402.8619444444444,-1209.18,15132.68,2026-03-10 14:18:00+00:00,402.6
56.0,402.8525892857143,-805.2,13521.37,2026-03-10 14:19:00+00:00,403.125
58.0,402.8619827586207,-806.25,11905.5,2026-03-10 14:20:00+00:00,403.55
60.0,402.8849166666666,-807.1,10289.63,2026-03-10 14:21:00+00:00,403.49
61.0,402.89483606557377,-403.49,9482.12,2026-03-10 14:22:00+00:00,403.29
62.0,402.9012096774193,-403.29,8675.519999999999,2026-03-10 14:23:00+00:00,403.1
63.0,402.90436507936505,-403.1,7869.83,2026-03-10 14:24:00+00:00,402.46
64.0,402.897421875,-402.46,7065.14,2026-03-10 14:25:00+00:00,402.43
65.0,402.8902307692308,-402.43,6258.5,2026-03-10 14:26:00+00:00,402.515
66.0,402.8845454545454,-402.515,5451.865,2026-03-10 14:27:00+00:00,401.84
66.0,402.8845454545454,0.0,5048.02,2026-03-10 14:28:00+00:00,401.865
66.0,402.8845454545454,0.0,5048.02,2026-03-10 14:29:00+00:00,401.255
73.0,402.72828767123286,-2808.785,38652.855,2026-03-10 14:30:00+00:00,401.44
83.0,402.5730722891566,-4014.4,52853.81,2026-03-10 14:31:00+00:00,401.065
94.0,402.3965957446808,-4411.715,57337.91499999999,2026-03-10 14:32:00+00:00,401.065
105.0,402.2570952380952,-4411.715,57374.595,2026-03-10 14:33:00+00:00,401.265
116.0,402.1630172413793,-4413.915,55383.715,2026-03-10 14:34:00+00:00,401.77
126.0,402.1318253968253,-4017.7,52572.82,2026-03-10 14:35:00+00:00,402.13
134.0,402.1317164179104,-3217.04,44426.66,2026-03-10 14:36:00+00:00,401.78
142.0,402.11190140845065,-3214.24,41619.41,2026-03-10 14:37:00+00:00,401.78
149.0,402.09630872483217,-2812.46,38805.95,2026-03-10 14:38:00+00:00,401.82
156.0,402.0839102564102,-2812.74,35993.560000000005,2026-03-10 14:39:00+00:00,401.63
162.0,402.067098765432,-2409.78,33584.36,2026-03-10 14:40:00+00:00,401.77
168.0,402.056488095238,-2410.62,31173.92,2026-03-10 14:41:00+00:00,401.91
173.0,402.0522543352601,-2009.55,29163.86,2026-03-10 14:42:00+00:00,401.87
178.0,402.0471348314607,-2009.35,27155.86,2026-03-10 14:43:00+00:00,401.75
183.0,402.0390163934426,-2008.75,25148.69,2026-03-10 14:44:00+00:00,401.63
187.0,402.0302673796792,-1606.52,23542.12,2026-03-10 14:45:00+00:00,401.95
191.0,402.0285863874346,-1607.8,21932.89,2026-03-10 14:46:00+00:00,402.47
195.0,402.0376410256411,-1609.88,20321.26,2026-03-10 14:47:00+00:00,402.15
97.0,402.0376410256411,39410.7,59732.84,2026-03-10 14:48:00+00:00,402.23
48.0,402.0376410256411,19709.27,79447.01,2026-03-10 14:49:00+00:00,402.38
24.0,402.0376410256411,9657.12,89104.37,2026-03-10 14:50:00+00:00,402.465
12.0,402.0376410256411,4829.58,93937.55,2026-03-10 14:51:00+00:00,403.375
6.0,402.0376410256411,2420.25,96368.15,2026-03-10 14:52:00+00:00,403.51
3.0,402.0376410256411,1210.53,97577.75,2026-03-10 14:53:00+00:00,403.95
1.0,402.0376410256411,807.9,98387.17,2026-03-10 14:54:00+00:00,403.78
0.0,0.0,403.78,98790.61,2026-03-10 14:55:00+00:00,403.84
0.0,0.0,0.0,98790.42,2026-03-10 14:56:00+00:00,404.325
0.0,0.0,0.0,98790.42,2026-03-10 14:57:00+00:00,404.72
0.0,0.0,0.0,98790.42,2026-03-10 14:58:00+00:00,404.37
0.0,0.0,0.0,98790.42,2026-03-10 14:59:00+00:00,404.76
0.0,0.0,0.0,98790.42,2026-03-10 15:00:00+00:00,405.035
0.0,0.0,0.0,98790.42,2026-03-10 15:01:00+00:00,405.685
0.0,0.0,0.0,98790.42,2026-03-10 15:02:00+00:00,405.86
0.0,0.0,0.0,98790.42,2026-03-10 15:03:00+00:00,405.53
0.0,0.0,0.0,98790.42,2026-03-10 15:04:00+00:00,405.65
0.0,0.0,0.0,98790.42,2026-03-10 15:05:00+00:00,404.445
0.0,0.0,0.0,98790.42,2026-03-10 15:06:00+00:00,404.3
0.0,0.0,0.0,98790.42,2026-03-10 15:07:00+00:00,404.02
0.0,0.0,0.0,98790.42,2026-03-10 15:08:00+00:00,403.955
0.0,0.0,0.0,98790.42,2026-03-10 15:09:00+00:00,403.95
0.0,0.0,0.0,98790.42,2026-03-10 15:10:00+00:00,403.64
0.0,0.0,0.0,91500.14,2026-03-10 15:11:00+00:00,404.01
15.0,404.01,-6060.15,78950.07,2026-03-10 15:12:00+00:00,403.965
28.0,403.9891071428571,-5251.545,68018.545,2026-03-10 15:13:00+00:00,404.17
39.0,404.04012820512816,-4445.87,58700.28,2026-03-10 15:14:00+00:00,403.49
49.0,403.92785714285714,-4034.9,50611.73,2026-03-10 15:15:00+00:00,403.81
57.0,403.9113157894737,-3230.48,43724.3,2026-03-10 15:16:00+00:00,403.89
64.0,403.908984375,-2827.23,37649.87,2026-03-10 15:17:00+00:00,404.42
70.0,403.9527857142857,-2426.52,32782.16,2026-03-10 15:18:00+00:00,404.275
75.0,403.97426666666667,-2021.375,28323.105,2026-03-10 15:19:00+00:00,404.3
79.0,403.9907594936709,-1617.2,24673.04,2026-03-10 15:20:00+00:00,404.145
87.0,404.0049425287356,-3233.16,42575.9,2026-03-10 15:21:00+00:00,403.92
96.0,403.9969791666667,-3635.28,49504.03,2026-03-10 15:22:00+00:00,403.99
106.0,403.996320754717,-4039.9,50742.57,2026-03-10 15:23:00+00:00,403.8
115.0,403.98095652173913,-3634.2,49954.45,2026-03-10 15:24:00+00:00,403.73
124.0,403.9627419354839,-3633.57,47539.32,2026-03-10 15:25:00+00:00,403.69
132.0,403.94621212121206,-3229.52,45123.060000000005,2026-03-10 15:26:00+00:00,403.66
140.0,403.9298571428571,-3229.28,42299.33,2026-03-10 15:27:00+00:00,403.65
147.0,403.91653061224486,-2825.55,39472.56,2026-03-10 15:28:00+00:00,403.95
154.0,403.9180519480519,-2827.65,36642.32,2026-03-10 15:29:00+00:00,403.61
160.0,403.9065,-2421.66,34223.259999999995,2026-03-10 15:30:00+00:00,403.25
166.0,403.8827710843373,-2419.5,31805.22,2026-03-10 15:31:00+00:00,402.715
171.0,403.8486257309941,-2013.575,29794.285,2026-03-10 15:32:00+00:00,402.82
176.0,403.8194034090909,-2014.1,27779.890000000003,2026-03-10 15:33:00+00:00,402.47
180.0,403.7894166666667,-1609.88,24142.06,2026-03-10 15:34:00+00:00,402.45
184.0,403.7602989130435,-1609.8,20909.78,2026-03-10 15:35:00+00:00,402.64
187.0,403.74232620320856,-1207.92,18483.34,2026-03-10 15:36:00+00:00,402.44
190.0,403.7217631578948,-1207.32,16060.48,2026-03-10 15:37:00+00:00,402.54
192.0,403.709453125,-805.08,14444.21,2026-03-10 15:38:00+00:00,402.49
194.0,403.696881443299,-804.98,12828.13,2026-03-10 15:39:00+00:00,402.3
196.0,403.68262755102046,-804.6,11211.45,2026-03-10 15:40:00+00:00,402.225
197.0,403.675228426396,-402.225,9997.225,2026-03-10 15:41:00+00:00,402.45
198.0,403.66904040404046,-402.45,9188.16,2026-03-10 15:42:00+00:00,402.94
199.0,403.6653768844222,-402.94,8378.07,2026-03-10 15:43:00+00:00,403.06
201.0,403.6593532338309,-806.12,12858.12,2026-03-10 15:44:00+00:00,402.68
203.0,403.6497044334976,-805.36,14491.27,2026-03-10 15:45:00+00:00,402.7
205.0,403.6404390243903,-805.4,14905.13,2026-03-10 15:46:00+00:00,402.71
207.0,403.6314492753624,-805.42,14912.41,2026-03-10 15:47:00+00:00,402.175
209.0,403.6175119617225,-804.35,14515.15,2026-03-10 15:48:00+00:00,402.36
211.0,403.6055924170617,-804.72,13709.99,2026-03-10 15:49:00+00:00,402.67
213.0,403.5968075117372,-805.34,12903.99,2026-03-10 15:50:00+00:00,402.96
215.0,403.5908837209303,-805.92,12097.46,2026-03-10 15:51:00+00:00,402.645
217.0,403.5821658986175,-805.29,11292.75,2026-03-10 15:52:00+00:00,402.255
219.0,403.5700456621004,-804.51,10488.85,2026-03-10 15:53:00+00:00,402.59
220.0,403.5655909090909,-402.59,10085.53,2026-03-10 15:54:00+00:00,402.455
221.0,403.5605656108597,-402.455,9683.175,2026-03-10 15:55:00+00:00,402.34
222.0,403.5550675675675,-402.34,9280.89,2026-03-10 15:56:00+00:00,402.35
223.0,403.54966367713,-402.35,8878.32,2026-03-10 15:57:00+00:00,402.77
224.0,403.5461830357143,-402.77,8475.199999999999,2026-03-10 15:58:00+00:00,402.64
225.0,403.5421555555556,-402.64,8072.62,2026-03-10 15:59:00+00:00,402.74
112.0,403.5421555555556,45509.62,53582.2,2026-03-10 16:00:00+00:00,402.17
56.0,403.5421555555556,22521.52,76040.69,2026-03-10 16:01:00+00:00,402.04
70.0,403.24172444444446,-5628.56,70405.41,2026-03-10 16:02:00+00:00,402.31
83.0,403.09579170013393,-5230.03,65171.16,2026-03-10 16:03:00+00:00,402.18
95.0,402.9801127485381,-4826.16,60346.7,2026-03-10 16:04:00+00:00,402.14
106.0,402.89293123689737,-4423.54,55922.71,2026-03-10 16:05:00+00:00,401.27
116.0,402.75302337164754,-4012.7,51919.16,2026-03-10 16:06:00+00:00,401.16
125.0,402.638325688889,-3610.44,48308.92,2026-03-10 16:07:00+00:00,401.06
133.0,402.5433888053468,-3208.48,41452.02,2026-03-10 16:08:00+00:00,401.205
140.0,402.4764693650794,-2808.435,35396.855,2026-03-10 16:09:00+00:00,401.36
146.0,402.430587062405,-2408.16,30553.22,2026-03-10 16:10:00+00:00,401.84
151.0,402.4110311994114,-2009.2,26106.04,2026-03-10 16:11:00+00:00,401.765
155.0,402.39435942652335,-1607.06,22470.09,2026-03-10 16:12:00+00:00,401.04
158.0,402.3686437412096,-1203.12,19648.52,2026-03-10 16:13:00+00:00,401.075
161.0,402.34453857833,-1203.225,17227.815000000002,2026-03-10 16:14:00+00:00,401.41
163.0,402.3330718473075,-802.82,15206.71,2026-03-10 16:15:00+00:00,401.71
165.0,402.3255194612796,-803.42,13590.63,2026-03-10 16:16:00+00:00,402.32
167.0,402.3254533599468,-804.64,11972.38,2026-03-10 16:17:00+00:00,402.405
169.0,402.3263947403025,-804.81,10355.53,2026-03-10 16:18:00+00:00,402.79
84.0,402.3263947403025,34237.15,43779.42,2026-03-10 16:19:00+00:00,402.61
42.0,402.3263947403025,16909.62,60279.06,2026-03-10 16:21:00+00:00,402.69
21.0,402.3263947403025,8456.49,65501.65,2026-03-10 16:22:00+00:00,402.81
10.0,402.3263947403025,4430.91,65872.72,2026-03-10 16:23:00+00:00,402.73
5.0,402.3263947403025,2013.65,63418.74,2026-03-10 16:24:00+00:00,402.57
2.0,402.3263947403025,1207.71,60156.2,2026-03-10 16:25:00+00:00,403.35
1.0,402.3263947403025,403.35,79661.14,2026-03-10 16:26:00+00:00,403.255
0.0,0.0,403.255,89423.905,2026-03-10 16:27:00+00:00,403.17
0.0,0.0,0.0,94309.48,2026-03-10 16:28:00+00:00,402.55
0.0,0.0,0.0,96752.65,2026-03-10 16:29:00+00:00,402.585
0.0,0.0,0.0,97972.85,2026-03-10 16:30:00+00:00,402.635
0.0,0.0,0.0,98380.1,2026-03-10 16:31:00+00:00,403.18
0.0,0.0,0.0,98787.45,2026-03-10 16:32:00+00:00,403.08
0.0,0.0,0.0,98787.45,2026-03-10 16:33:00+00:00,402.745
0.0,0.0,0.0,98787.45,2026-03-10 16:34:00+00:00,402.61
0.0,0.0,0.0,98787.45,2026-03-10 16:35:00+00:00,402.89
0.0,0.0,0.0,98787.45,2026-03-10 16:36:00+00:00,402.94
0.0,0.0,0.0,98787.45,2026-03-10 16:37:00+00:00,402.74
0.0,0.0,0.0,98787.45,2026-03-10 16:38:00+00:00,402.525
0.0,0.0,0.0,98787.45,2026-03-10 16:39:00+00:00,403.12
0.0,0.0,0.0,98787.45,2026-03-10 16:40:00+00:00,402.91
0.0,0.0,0.0,98787.45,2026-03-10 16:41:00+00:00,402.9
0.0,0.0,0.0,98787.45,2026-03-10 16:42:00+00:00,402.96
0.0,0.0,0.0,98787.45,2026-03-10 16:43:00+00:00,402.89
0.0,0.0,0.0,98787.45,2026-03-10 16:44:00+00:00,403.56
0.0,0.0,0.0,98787.45,2026-03-10 16:45:00+00:00,403.08
0.0,0.0,0.0,98787.45,2026-03-10 16:46:00+00:00,402.86
0.0,0.0,0.0,98787.45,2026-03-10 16:47:00+00:00,402.635
0.0,0.0,0.0,98787.45,2026-03-10 16:48:00+00:00,402.46
0.0,0.0,0.0,91468.11,2026-03-10 16:49:00+00:00,402.17
15.0,402.17,-6032.55,78931.8,2026-03-10 16:50:00+00:00,402.51
28.0,402.3278571428572,-5232.63,67599.76999999999,2026-03-10 16:51:00+00:00,403.05
39.0,402.5315384615385,-4433.55,57882.92,2026-03-10 16:52:00+00:00,403.68
48.0,402.746875,-3633.12,49777.58,2026-03-10 16:53:00+00:00,403.56
24.0,402.746875,9685.44,55799.28,2026-03-10 16:54:00+00:00,403.44
12.0,402.746875,4841.28,56977.36,2026-03-10 16:55:00+00:00,403.53
6.0,402.746875,2421.18,55736.68,2026-03-10 16:56:00+00:00,403.48
3.0,402.746875,1210.44,53286.75,2026-03-10 16:57:00+00:00,403.545
1.0,402.746875,807.09,50434.62,2026-03-10 16:58:00+00:00,403.48
0.0,0.0,403.48,47179.560000000005,2026-03-10 16:59:00+00:00,403.57
0.0,0.0,0.0,43929.57,2026-03-10 17:00:00+00:00,403.25
0.0,0.0,0.0,40682.05,2026-03-10 17:01:00+00:00,403.665
0.0,0.0,0.0,37838.58,2026-03-10 17:02:00+00:00,403.81
0.0,0.0,0.0,35401.44,2026-03-10 17:03:00+00:00,403.68
0.0,0.0,0.0,32962.44,2026-03-10 17:04:00+00:00,403.76
0.0,0.0,0.0,30523.44,2026-03-10 17:05:00+00:00,404.08
0.0,0.0,0.0,28491.06,2026-03-10 17:06:00+00:00,403.7
0.0,0.0,0.0,26458.37,2026-03-10 17:07:00+00:00,403.73
0.0,0.0,0.0,24832.17,2026-03-10 17:08:00+00:00,403.64
0.0,0.0,0.0,23206.37,2026-03-10 17:09:00+00:00,403.5
0.0,0.0,0.0,21581.18,2026-03-10 17:10:00+00:00,403.45
0.0,0.0,0.0,20361.54,2026-03-10 17:11:00+00:00,403.08
0.0,0.0,0.0,19142.21,2026-03-10 17:12:00+00:00,402.8
3.0,402.8,-1208.4,16714.91,2026-03-10 17:13:00+00:00,402.52
5.0,402.688,-805.04,14691.03,2026-03-10 17:14:00+00:00,402.55
7.0,402.6485714285714,-805.1,13073.77,2026-03-10 17:15:00+00:00,402.635
9.0,402.6455555555556,-805.27,11456.45,2026-03-10 17:16:00+00:00,403.07
10.0,402.6880000000001,-403.07,10239.98,2026-03-10 17:17:00+00:00,403.79
11.0,402.7881818181819,-403.79,9429.7,2026-03-10 17:18:00+00:00,404.0
12.0,402.8891666666668,-404.0,8619.13,2026-03-10 17:19:00+00:00,403.75
13.0,402.9553846153847,-403.75,7808.9,2026-03-10 17:20:00+00:00,403.46
6.0,402.9553846153847,2824.22,53724.75,2026-03-10 17:21:00+00:00,402.9
3.0,402.9553846153847,1208.6999999999998,76467.01,2026-03-10 17:22:00+00:00,402.88
1.0,402.9553846153847,805.76,87831.86,2026-03-10 17:23:00+00:00,403.065
18.0,403.05891025641023,-6852.105,86259.625,2026-03-10 17:24:00+00:00,402.85
34.0,402.9605995475113,-6445.6,82658.12999999999,2026-03-10 17:25:00+00:00,402.91
48.0,402.9458413461539,-5640.740000000001,70513.0,2026-03-10 17:26:00+00:00,402.93
60.0,402.9426730769231,-4835.16,60398.25,2026-03-10 17:27:00+00:00,403.165
70.0,402.9744340659341,-4031.65,51490.26,2026-03-10 17:28:00+00:00,403.53
78.0,403.0314151873768,-3228.24,44603.670000000006,2026-03-10 17:29:00+00:00,403.37
85.0,403.059298642534,-2823.59,38529.22,2026-03-10 17:30:00+00:00,402.99
91.0,403.05472950126807,-2417.94,33267.97,2026-03-10 17:31:00+00:00,402.85
96.0,403.0440665064104,-2014.25,28818.36,2026-03-10 17:32:00+00:00,403.02
100.0,403.043103846154,-1612.08,25176.86,2026-03-10 17:33:00+00:00,402.675
104.0,403.0289460059173,-1610.7,21942.17,2026-03-10 17:34:00+00:00,402.19
107.0,403.00542415528406,-1206.57,19113.66,2026-03-10 17:35:00+00:00,401.99
110.0,402.9777307692309,-1205.97,16690.55,2026-03-10 17:36:00+00:00,402.1
112.0,402.96205700549456,-804.2,14669.07,2026-03-10 17:37:00+00:00,401.29
114.0,402.93272267206487,-802.58,13056.89,2026-03-10 17:38:00+00:00,401.265
116.0,402.90396883289134,-802.53,11444.1,2026-03-10 17:39:00+00:00,401.82
117.0,402.8947041420119,-401.82,10232.14,2026-03-10 17:40:00+00:00,401.82
118.0,402.88559647979145,-401.82,9425.01,2026-03-10 17:41:00+00:00,402.21
119.0,402.8799191984487,-402.21,8617.36,2026-03-10 17:42:00+00:00,401.97
120.0,402.8723365384616,-401.97,7810.05,2026-03-10 17:43:00+00:00,402.125
121.0,402.86616020343297,-402.125,7002.345,2026-03-10 17:44:00+00:00,401.64
122.0,402.8561097099623,-401.64,6195.57,2026-03-10 17:45:00+00:00,401.825
123.0,402.84772670419017,-401.825,5388.175,2026-03-10 17:46:00+00:00,401.92
123.0,402.84772670419017,0.0,4982.39,2026-03-10 17:47:00+00:00,402.345
123.0,402.84772670419017,0.0,4982.39,2026-03-10 17:48:00+00:00,402.9
123.0,402.84772670419017,0.0,4982.39,2026-03-10 17:49:00+00:00,402.82
123.0,402.84772670419017,0.0,4982.39,2026-03-10 17:50:00+00:00,402.87
61.0,402.84772670419017,24977.94,29960.33,2026-03-10 17:51:00+00:00,402.89
30.0,402.84772670419017,12489.59,64754.44,2026-03-10 17:52:00+00:00,403.145
15.0,402.84772670419017,6047.174999999999,81760.175,2026-03-10 17:53:00+00:00,402.91
7.0,402.84772670419017,3223.28,90661.14,2026-03-10 17:54:00+00:00,402.785
3.0,402.84772670419017,1611.14,95112.58,2026-03-10 17:55:00+00:00,402.755
1.0,402.84772670419017,805.51,97134.94,2026-03-10 17:56:00+00:00,402.09
0.0,0.0,402.09,98348.12,2026-03-10 17:57:00+00:00,402.3
0.0,0.0,0.0,98753.93,2026-03-10 17:58:00+00:00,402.34
0.0,0.0,0.0,98753.93,2026-03-10 17:59:00+00:00,402.07
0.0,0.0,0.0,98753.93,2026-03-10 18:00:00+00:00,402.11
18.0,402.11,-7237.98,91515.95,2026-03-10 18:01:00+00:00,402.09
35.0,402.10028571428575,-6835.53,84677.09,2026-03-10 18:02:00+00:00,402.12
50.0,402.1062,-6031.8,78642.45999999999,2026-03-10 18:03:00+00:00,401.735
64.0,402.025,-5624.29,73019.82,2026-03-10 18:04:00+00:00,401.91
77.0,402.0055844155844,-5224.83,67794.92,2026-03-10 18:05:00+00:00,401.725
89.0,401.96775280898873,-4820.700000000001,62976.04000000001,2026-03-10 18:06:00+00:00,401.105
100.0,401.87285,-4412.155000000001,58566.785,2026-03-10 18:07:00+00:00,401.31
110.0,401.8216818181818,-4013.1,54553.19,2026-03-10 18:08:00+00:00,401.47
120.0,401.792375,-4014.7,50537.57,2026-03-10 18:09:00+00:00,401.35
129.0,401.7615116279069,-3612.15,46926.02,2026-03-10 18:10:00+00:00,401.67
137.0,401.7561678832116,-3213.36,43711.99,2026-03-10 18:11:00+00:00,401.585
145.0,401.746724137931,-3212.68,40500.66,2026-03-10 18:12:00+00:00,401.64
151.0,401.7424834437085,-2409.84,32405.56,2026-03-10 18:13:00+00:00,400.67
157.0,401.7014968152865,-2404.02,30002.02,2026-03-10 18:14:00+00:00,398.375
162.0,401.5988271604937,-1991.875,25990.755,2026-03-10 18:15:00+00:00,399.09
166.0,401.53837349397577,-1596.36,20747.61,2026-03-10 18:16:00+00:00,398.995
169.0,401.4932248520709,-1196.985,19144.465,2026-03-10 18:17:00+00:00,398.75
172.0,401.4453779069767,-1196.25,16330.11,2026-03-10 18:18:00+00:00,398.52
174.0,401.4117528735631,-797.04,14317.89,2026-03-10 18:19:00+00:00,398.86
176.0,401.382755681818,-797.72,12711.21,2026-03-10 18:20:00+00:00,398.81
178.0,401.3538483146066,-797.62,11509.44,2026-03-10 18:21:00+00:00,398.23
180.0,401.3191388888888,-796.46,10308.07,2026-03-10 18:22:00+00:00,398.68
181.0,401.3045580110496,-398.68,8693.91,2026-03-10 18:23:00+00:00,398.97
182.0,401.2917307692306,-398.97,7889.23,2026-03-10 18:24:00+00:00,399.14
183.0,401.2799726775955,-399.14,7489.74,2026-03-10 18:25:00+00:00,399.78
184.0,401.27182065217374,-399.78,6278.9400000000005,2026-03-10 18:26:00+00:00,400.46
185.0,401.2674324324323,-400.46,5878.23,2026-03-10 18:27:00+00:00,400.78
187.0,401.2622192513368,-801.56,14410.18,2026-03-10 18:28:00+00:00,401.035
189.0,401.2598148148147,-802.07,13607.77,2026-03-10 18:29:00+00:00,400.53
94.0,401.2598148148147,38050.35,56527.63,2026-03-10 18:30:00+00:00,400.33
47.0,401.2598148148147,18815.51,78182.38,2026-03-10 18:31:00+00:00,400.82
23.0,401.2598148148147,9619.68,88629.54000000001,2026-03-10 18:32:00+00:00,400.69
11.0,401.2598148148147,4808.28,93838.12,2026-03-10 18:33:00+00:00,400.53
5.0,401.2598148148147,2403.18,96647.73,2026-03-10 18:34:00+00:00,400.85
2.0,401.2598148148147,1202.5500000000002,97852.44,2026-03-10 18:35:00+00:00,400.15
1.0,401.2598148148147,400.15,98250.76,2026-03-10 18:36:00+00:00,400.665
0.0,0.0,400.665,98651.255,2026-03-10 18:37:00+00:00,401.18
0.0,0.0,0.0,98651.08,2026-03-10 18:38:00+00:00,400.5
0.0,0.0,0.0,98651.08,2026-03-10 18:39:00+00:00,400.11
0.0,0.0,0.0,98651.08,2026-03-10 18:40:00+00:00,399.605
0.0,0.0,0.0,91365.4,2026-03-10 18:41:00+00:00,399.64
0.0,0.0,0.0,84885.72,2026-03-10 18:42:00+00:00,400.47
0.0,0.0,0.0,78808.69,2026-03-10 18:43:00+00:00,400.79
0.0,0.0,0.0,73136.59,2026-03-10 18:44:00+00:00,400.525
0.0,0.0,0.0,67874.45,2026-03-10 18:45:00+00:00,400.325
0.0,0.0,0.0,63015.95,2026-03-10 18:46:00+00:00,400.64
0.0,0.0,0.0,58561.75,2026-03-10 18:47:00+00:00,400.915
0.0,0.0,0.0,54513.86,2026-03-10 18:48:00+00:00,400.94
0.0,0.0,0.0,50466.26,2026-03-10 18:49:00+00:00,400.89
0.0,0.0,0.0,46824.14,2026-03-10 18:50:00+00:00,401.56
0.0,0.0,0.0,43586.52,2026-03-10 18:51:00+00:00,401.28
0.0,0.0,0.0,40346.76,2026-03-10 18:52:00+00:00,400.97
0.0,0.0,0.0,37512.15,2026-03-10 18:53:00+00:00,400.77
0.0,0.0,0.0,35084.97,2026-03-10 18:54:00+00:00,401.07
0.0,0.0,0.0,32655.63,2026-03-10 18:55:00+00:00,400.355
0.0,0.0,0.0,30225.97,2026-03-10 18:56:00+00:00,400.43
0.0,0.0,0.0,28202.57,2026-03-10 18:57:00+00:00,400.4
0.0,0.0,0.0,26179.72,2026-03-10 18:58:00+00:00,400.53
4.0,400.53,-1602.12,22959.35,2026-03-10 18:59:00+00:00,400.615
7.0,400.5664285714286,-1201.845,20139.945,2026-03-10 19:00:00+00:00,400.52
10.0,400.5525,-1201.56,17724.78,2026-03-10 19:01:00+00:00,400.605
13.0,400.5646153846154,-1201.815,15310.405,2026-03-10 19:02:00+00:00,400.525
15.0,400.55933333333337,-801.05,13701.91,2026-03-10 19:03:00+00:00,400.73
17.0,400.5794117647059,-801.46,12092.240000000002,2026-03-10 19:04:00+00:00,400.85
8.0,400.5794117647059,3607.65,14890.57,2026-03-10 19:05:00+00:00,400.84
4.0,400.5794117647059,1603.36,15682.48,2026-03-10 19:06:00+00:00,400.55
6.0,400.5696078431373,-801.1,14072.05,2026-03-10 19:07:00+00:00,400.615
8.0,400.58095588235295,-801.23,12462.06,2026-03-10 19:08:00+00:00,400.575
10.0,400.5797647058824,-801.15,10851.42,2026-03-10 19:09:00+00:00,401.07
11.0,400.6243315508021,-401.07,9640.36,2026-03-10 19:10:00+00:00,400.525
12.0,400.6160539215686,-400.525,8836.285,2026-03-10 19:11:00+00:00,400.23
13.0,400.5863574660633,-400.23,8031.800000000001,2026-03-10 19:12:00+00:00,400.435
14.0,400.5755462184874,-400.435,7226.594999999999,2026-03-10 19:13:00+00:00,400.41
15.0,400.5645098039215,-400.41,6422.110000000001,2026-03-10 19:14:00+00:00,400.92
16.0,400.5867279411764,-400.92,5616.1,2026-03-10 19:15:00+00:00,400.9
16.0,400.5867279411764,0.0,5211.3,2026-03-10 19:16:00+00:00,401.1
8.0,400.5867279411764,3208.8,8420.1,2026-03-10 19:17:00+00:00,401.37
4.0,400.5867279411764,1605.48,53700.630000000005,2026-03-10 19:18:00+00:00,401.56
2.0,400.5867279411764,803.12,76338.37999999999,2026-03-10 19:19:00+00:00,401.56
1.0,400.5867279411764,401.56,87657.20999999999,2026-03-10 19:20:00+00:00,401.36
0.0,0.0,401.36,93316.88,2026-03-10 19:21:00+00:00,400.76
0.0,0.0,0.0,96143.93,2026-03-10 19:22:00+00:00,401.23
0.0,0.0,0.0,89273.28,2026-03-10 19:23:00+00:00,401.455
0.0,0.0,0.0,82797.12,2026-03-10 19:24:00+00:00,401.355
0.0,0.0,0.0,76729.47,2026-03-10 19:25:00+00:00,400.33
0.0,0.0,0.0,71066.61,2026-03-10 19:26:00+00:00,399.93
0.0,0.0,0.0,65809.93,2026-03-10 19:27:00+00:00,400.0
15.0,400.0,-6000.0,76401.81,2026-03-10 19:28:00+00:00,399.95
30.0,399.975,-5999.25,78499.38,2026-03-10 19:29:00+00:00,399.85
45.0,399.9333333333333,-5997.75,76550.45,2026-03-10 19:30:00+00:00,399.745
59.0,399.88864406779663,-5596.43,72975.14000000001,2026-03-10 19:31:00+00:00,399.86
72.0,399.8834722222222,-5198.18,68985.26999999999,2026-03-10 19:32:00+00:00,399.97
85.0,399.8967058823529,-5199.610000000001,64190.67,2026-03-10 19:33:00+00:00,399.64
97.0,399.8649484536082,-4795.68,59800.19,2026-03-10 19:34:00+00:00,399.06
108.0,399.7829629629629,-4389.66,55416.2,2026-03-10 19:35:00+00:00,399.04
118.0,399.72,-3990.4,51426.24,2026-03-10 19:36:00+00:00,399.065
127.0,399.6735826771653,-3591.585,47834.855,2026-03-10 19:37:00+00:00,398.95
135.0,399.63070370370366,-3191.6,44642.130000000005,2026-03-10 19:38:00+00:00,399.6
143.0,399.6289860139861,-3196.8,41441.81,2026-03-10 19:39:00+00:00,399.875
150.0,399.6404666666666,-2799.125,38642.325,2026-03-10 19:40:00+00:00,400.6
157.0,399.6832484076433,-2804.2000000000003,35841.26,2026-03-10 19:41:00+00:00,399.79
163.0,399.6871779141104,-2398.74,33445.69,2026-03-10 19:42:00+00:00,400.29
169.0,399.7085798816568,-2401.74,31042.75,2026-03-10 19:43:00+00:00,400.32
174.0,399.7261494252874,-2001.6,29042.06,2026-03-10 19:44:00+00:00,399.9
87.0,399.7261494252874,34791.3,63834.41,2026-03-10 19:45:00+00:00,399.765
43.0,399.7261494252874,17589.66,81432.62,2026-03-10 19:46:00+00:00,399.84
21.0,399.7261494252874,8796.48,90224.39,2026-03-10 19:47:00+00:00,399.615
37.0,399.6780848089469,-6393.84,83827.69,2026-03-10 19:48:00+00:00,399.24
52.0,399.5517141909814,-5988.6,77844.12999999999,2026-03-10 19:49:00+00:00,399.39
66.0,399.5174111807732,-5591.46,72251.07999999999,2026-03-10 19:50:00+00:00,398.755
79.0,399.391951113051,-5183.815,67074.58499999999,2026-03-10 19:51:00+00:00,398.385
91.0,399.2591663508904,-4780.62,62294.38,2026-03-10 19:52:00+00:00,398.71
102.0,399.1999425287356,-4385.81,57903.18,2026-03-10 19:53:00+00:00,398.795
112.0,399.1637869458127,-3987.95,53912.84,2026-03-10 19:54:00+00:00,399.12
122.0,399.1601978518936,-3991.2,49921.79,2026-03-10 19:55:00+00:00,398.78
131.0,399.1340773887864,-3589.0199999999995,46335.07,2026-03-10 19:56:00+00:00,398.79
139.0,399.1142743736045,-3190.32,43144.28,2026-03-10 19:57:00+00:00,398.94
147.0,399.1047900539525,-3191.52,39951.240000000005,2026-03-10 19:58:00+00:00,398.95
154.0,399.1047900539525,0.0,37158.6,2026-03-10 19:59:00+00:00,399.19
154.0,399.1047900539525,0.0,37158.6,2026-03-10 19:59:00+00:00,399.19
154.0,399.1047900539525,0.0,37158.6,2026-03-11 13:30:00+00:00,404.1
154.0,399.1047900539525,0.0,37158.6,2026-03-11 13:31:00+00:00,407.19
154.0,399.1047900539525,0.0,37158.6,2026-03-11 13:32:00+00:00,408.86
154.0,399.1047900539525,0.0,37158.6,2026-03-11 13:33:00+00:00,408.87
154.0,399.1047900539525,0.0,37158.6,2026-03-11 13:34:00+00:00,408.84
154.0,399.1047900539525,0.0,37158.6,2026-03-11 13:35:00+00:00,409.77
154.0,399.1047900539525,0.0,37158.6,2026-03-11 13:36:00+00:00,410.455
154.0,399.1047900539525,0.0,37158.6,2026-03-11 13:37:00+00:00,409.64
154.0,399.1047900539525,0.0,37158.6,2026-03-11 13:38:00+00:00,408.44
154.0,399.1047900539525,0.0,37158.6,2026-03-11 13:39:00+00:00,408.57
154.0,399.1047900539525,0.0,37158.6,2026-03-11 13:40:00+00:00,409.19
154.0,399.1047900539525,0.0,37158.6,2026-03-11 13:41:00+00:00,408.94
154.0,399.1047900539525,0.0,37158.6,2026-03-11 13:42:00+00:00,409.345
154.0,399.1047900539525,0.0,37158.6,2026-03-11 13:43:00+00:00,409.32
154.0,399.1047900539525,0.0,37158.6,2026-03-11 13:44:00+00:00,408.97
154.0,399.1047900539525,0.0,37158.6,2026-03-11 13:45:00+00:00,409.08
154.0,399.1047900539525,0.0,37158.6,2026-03-11 13:46:00+00:00,409.52
154.0,399.1047900539525,0.0,37158.6,2026-03-11 13:47:00+00:00,408.85
154.0,399.1047900539525,0.0,37158.6,2026-03-11 13:48:00+00:00,408.29
154.0,399.1047900539525,0.0,37158.6,2026-03-11 13:49:00+00:00,409.49
154.0,399.1047900539525,0.0,37158.6,2026-03-11 13:50:00+00:00,409.2
154.0,399.1047900539525,0.0,37158.6,2026-03-11 13:51:00+00:00,408.87
154.0,399.1047900539525,0.0,37158.6,2026-03-11 13:52:00+00:00,409.42
154.0,399.1047900539525,0.0,37158.6,2026-03-11 13:53:00+00:00,409.84
77.0,399.1047900539525,0.0,66108.59,2026-03-11 16:51:00+00:00,407.56
77.0,399.1047900539525,0.0,66108.59,2026-03-11 16:52:00+00:00,407.15
77.0,399.1047900539525,0.0,66108.59,2026-03-11 16:53:00+00:00,407.11
77.0,399.1047900539525,0.0,66108.59,2026-03-11 16:54:00+00:00,407.21
77.0,399.1047900539525,0.0,66108.59,2026-03-11 16:55:00+00:00,407.25
77.0,399.1047900539525,0.0,66108.59,2026-03-11 16:56:00+00:00,407.36
77.0,399.1047900539525,0.0,66108.59,2026-03-11 16:57:00+00:00,407.425
77.0,399.1047900539525,0.0,66108.59,2026-03-11 16:58:00+00:00,407.43
77.0,399.1047900539525,0.0,66108.59,2026-03-11 16:59:00+00:00,407.345
77.0,399.1047900539525,0.0,66108.59,2026-03-11 17:00:00+00:00,407.535
77.0,399.1047900539525,0.0,66108.59,2026-03-11 17:01:00+00:00,407.245
77.0,399.1047900539525,0.0,66108.59,2026-03-11 17:02:00+00:00,407.12
77.0,399.1047900539525,0.0,66108.59,2026-03-11 17:03:00+00:00,407.11
77.0,399.1047900539525,0.0,66108.59,2026-03-11 17:04:00+00:00,407.08
77.0,399.1047900539525,0.0,66108.59,2026-03-11 17:05:00+00:00,407.21
77.0,399.1047900539525,0.0,66108.59,2026-03-11 17:06:00+00:00,407.13
77.0,399.1047900539525,0.0,66108.59,2026-03-11 17:07:00+00:00,406.825
77.0,399.1047900539525,0.0,66108.59,2026-03-11 17:08:00+00:00,406.615
77.0,399.1047900539525,0.0,66108.59,2026-03-11 17:09:00+00:00,406.67
77.0,399.1047900539525,0.0,66108.59,2026-03-11 17:10:00+00:00,406.76
77.0,399.1047900539525,0.0,66108.59,2026-03-11 17:11:00+00:00,406.65
77.0,399.1047900539525,0.0,66108.59,2026-03-11 17:12:00+00:00,406.51
77.0,399.1047900539525,0.0,66108.59,2026-03-11 17:13:00+00:00,406.61
77.0,399.1047900539525,0.0,66108.59,2026-03-11 17:14:00+00:00,406.54
77.0,399.1047900539525,0.0,66108.59,2026-03-11 17:15:00+00:00,406.72
89.0,400.1497621815095,-4882.26,63312.87,2026-03-11 17:16:00+00:00,406.855
100.0,400.89118834154345,-4475.79,59878.51,2026-03-11 17:17:00+00:00,406.89
111.0,401.4445390464355,-4471.225,55932.445,2026-03-11 17:18:00+00:00,406.475
120.0,401.8401986179529,-3660.480000000001,48492.92,2026-03-11 17:19:00+00:00,406.72
128.0,402.1761237043309,-3257.72,41596.05,2026-03-11 17:20:00+00:00,407.215
135.0,402.4353246974396,-2850.225,35916.705,2026-03-11 17:21:00+00:00,407.175
141.0,402.626587476272,-2441.58,31051.81,2026-03-11 17:22:00+00:00,406.93
70.0,402.626587476272,28909.07,57938.39,2026-03-11 17:23:00+00:00,407.17
35.0,402.626587476272,14263.025,79906.72499999999,2026-03-11 17:24:00+00:00,407.515
17.0,402.626587476272,7333.92,90879.62,2026-03-11 17:25:00+00:00,407.44
8.0,402.626587476272,3668.535,96572.635,2026-03-11 17:26:00+00:00,407.615
4.0,402.626587476272,1632.64,99018.29,2026-03-11 17:27:00+00:00,408.16
2.0,402.626587476272,816.14,100238.12,2026-03-11 17:28:00+00:00,408.07
1.0,402.626587476272,408.21,101050.64,2026-03-11 17:29:00+00:00,408.21
0.0,0.0,408.11,101458.67,2026-03-11 17:30:00+00:00,408.11
0.0,0.0,0.0,101458.62,2026-03-11 17:31:00+00:00,408.09
0.0,0.0,0.0,101458.62,2026-03-11 17:32:00+00:00,408.07
0.0,0.0,0.0,101458.62,2026-03-11 17:32:00+00:00,408.07
0.0,0.0,0.0,101458.62,2026-03-11 17:34:00+00:00,407.735
0.0,0.0,0.0,101458.62,2026-03-11 17:35:00+00:00,407.59
0.0,0.0,0.0,93916.69,2026-03-11 17:36:00+00:00,407.235
0.0,0.0,0.0,80467.39,2026-03-11 17:37:00+00:00,405.7
12.0,405.1499999999999,-4861.799999999999,64389.42999999999,2026-03-11 17:38:00+00:00,405.15
22.0,405.3840909090909,-4056.65,51214.13,2026-03-11 17:39:00+00:00,405.665
30.0,405.5536666666666,-3248.16,41905.66,2026-03-11 17:40:00+00:00,406.02
36.0,405.56805555555553,-2433.84,33393.17,2026-03-11 17:41:00+00:00,405.64
41.0,405.5597560975609,-2027.5,26609.32,2026-03-11 17:42:00+00:00,405.5
45.0,405.5557777777777,-1622.06,21552.82,2026-03-11 17:43:00+00:00,405.515
48.0,405.5822916666666,-1217.94,17563.260000000002,2026-03-11 17:44:00+00:00,405.98
50.0,405.5917999999999,-811.64,14242.7,2026-03-11 17:45:00+00:00,405.82
52.0,405.5925,-811.22,11584.18,2026-03-11 17:46:00+00:00,405.61
53.0,405.5943396226414,-405.69,9590.9,2026-03-11 17:47:00+00:00,405.69
54.0,405.5966666666666,-405.72,8261.42,2026-03-11 17:48:00+00:00,405.72
54.0,405.5966666666666,0.0,79839.23,2026-03-12 13:31:00+00:00,403.61
54.0,405.5966666666666,0.0,79839.23,2026-03-12 13:32:00+00:00,403.96
54.0,405.5966666666666,0.0,79839.23,2026-03-12 13:33:00+00:00,404.47
54.0,405.5966666666666,0.0,79839.23,2026-03-12 13:34:00+00:00,405.255
54.0,405.5966666666666,0.0,79839.23,2026-03-12 13:35:00+00:00,406.09
54.0,405.5966666666666,0.0,79839.23,2026-03-12 13:36:00+00:00,405.56
54.0,405.5966666666666,0.0,79839.23,2026-03-12 13:37:00+00:00,405.56
54.0,405.5966666666666,0.0,79839.23,2026-03-12 13:38:00+00:00,405.68
54.0,405.5966666666666,0.0,79839.23,2026-03-12 13:39:00+00:00,405.56
54.0,405.5966666666666,0.0,79839.23,2026-03-12 13:40:00+00:00,404.92
54.0,405.5966666666666,0.0,79839.23,2026-03-12 13:41:00+00:00,404.9
54.0,405.5966666666666,0.0,79839.23,2026-03-12 13:42:00+00:00,404.3
54.0,405.5966666666666,0.0,79839.23,2026-03-12 13:43:00+00:00,404.36
54.0,405.5966666666666,0.0,79839.23,2026-03-12 13:44:00+00:00,404.655
54.0,405.5966666666666,0.0,79839.23,2026-03-12 13:45:00+00:00,403.75
54.0,405.5966666666666,0.0,79839.23,2026-03-12 13:46:00+00:00,402.9
54.0,405.5966666666666,0.0,79839.23,2026-03-12 13:47:00+00:00,402.2
54.0,405.5966666666666,0.0,79839.23,2026-03-12 13:48:00+00:00,403.0
54.0,405.5966666666666,0.0,79839.23,2026-03-12 13:49:00+00:00,403.605
54.0,405.5966666666666,0.0,79839.23,2026-03-12 13:50:00+00:00,403.925
54.0,405.5966666666666,0.0,79839.23,2026-03-12 13:51:00+00:00,403.27
54.0,405.5966666666666,0.0,79839.23,2026-03-12 13:52:00+00:00,402.2
54.0,405.5966666666666,0.0,79839.23,2026-03-12 13:53:00+00:00,401.59
54.0,405.5966666666666,0.0,79839.23,2026-03-12 13:54:00+00:00,401.58
67.0,404.7455223880596,-5215.73,64722.06,2026-03-12 13:55:00+00:00,401.21
77.0,404.2422077922077,-4008.7,50478.77,2026-03-12 13:56:00+00:00,400.87
85.0,403.9511764705881,-3209.2,40467.15,2026-03-12 13:57:00+00:00,401.15
91.0,403.73483516483503,-2404.02,32434.32,2026-03-12 13:58:00+00:00,400.67
96.0,403.5843229166665,-2004.225,26110.175000000003,2026-03-12 13:59:00+00:00,400.845
100.0,403.4953499999999,-1605.44,21097.26,2026-03-12 14:00:00+00:00,401.36
103.0,403.4287864077669,-1203.63,17149.0,2026-03-12 14:01:00+00:00,401.21
105.0,403.3886190476189,-802.64,14258.58,2026-03-12 14:02:00+00:00,401.32
107.0,403.35761682242975,-803.46,11623.68,2026-03-12 14:03:00+00:00,401.73
108.0,403.3358796296295,-401.01,9649.35,2026-03-12 14:04:00+00:00,401.01
109.0,403.3151834862384,-401.08,8332.66,2026-03-12 14:05:00+00:00,401.08
110.0,403.2885909090908,-400.39,7016.73,2026-03-12 14:06:00+00:00,400.39
111.0,403.2657207207206,-400.75,5699.85,2026-03-12 14:07:00+00:00,400.75
114.0,403.2026754385964,-1202.61,17254.739999999998,2026-03-12 14:08:00+00:00,400.87
118.0,403.1112288135592,-1602.02,20946.87,2026-03-12 14:09:00+00:00,400.505
125.0,403.0041999999999,-2808.4,34793.09,2026-03-12 14:11:00+00:00,401.2
132.0,402.9562499999999,-2814.7000000000003,36283.46000000001,2026-03-12 14:12:00+00:00,402.1
138.0,402.89684782608686,-2409.54,34549.02,2026-03-12 14:13:00+00:00,401.59
144.0,402.8707291666666,-2413.62,31192.22,2026-03-12 14:14:00+00:00,402.27
72.0,402.8707291666666,28948.32,58645.35,2026-03-12 14:15:00+00:00,402.06
36.0,402.8707291666666,14463.72,69163.7,2026-03-12 14:16:00+00:00,401.77
18.0,402.8707291666666,7231.5,85749.27,2026-03-12 14:17:00+00:00,401.75
9.0,402.8707291666666,3614.04,82971.17,2026-03-12 14:18:00+00:00,401.56
4.0,402.8707291666666,2007.0,78842.46,2026-03-12 14:19:00+00:00,401.4
2.0,402.8707291666666,802.59,73773.65,2026-03-12 14:20:00+00:00,401.295
1.0,402.8707291666666,401.03,68815.27,2026-03-12 14:21:00+00:00,401.03
0.0,0.0,401.225,64108.895,2026-03-12 14:22:00+00:00,401.225
11.0,401.19,-4413.09,55100.32000000001,2026-03-12 14:23:00+00:00,401.19
20.0,401.082,-3608.55,47406.92,2026-03-12 14:24:00+00:00,400.95
28.0,400.9942857142857,-3206.2,40875.77,2026-03-12 14:25:00+00:00,400.775
35.0,400.9534285714286,-2805.53,35261.87,2026-03-12 14:26:00+00:00,400.79
41.0,400.81975609756097,-2400.24,30307.58,2026-03-12 14:27:00+00:00,400.04
46.0,400.726847826087,-1999.825,26268.995,2026-03-12 14:28:00+00:00,399.965
50.0,400.6343,-1598.28,22886.82,2026-03-12 14:29:00+00:00,399.57
54.0,400.5791666666667,-1599.56,19758.58,2026-03-12 14:30:00+00:00,399.89
57.0,400.53078947368425,-1198.98,17285.69,2026-03-12 14:31:00+00:00,399.66
59.0,400.4766949152543,-797.87,14005.96,2026-03-12 14:32:00+00:00,398.935
61.0,400.392868852459,-795.84,11385.34,2026-03-12 14:33:00+00:00,397.92
62.0,400.355,-398.045,9416.555,2026-03-12 14:34:00+00:00,398.045
63.0,400.3198412698412,-398.14,8104.79,2026-03-12 14:35:00+00:00,398.14
64.0,400.27640625,-397.54,6794.56,2026-03-12 14:36:00+00:00,397.54
65.0,400.2212307692307,-396.69,5740.25,2026-03-12 14:37:00+00:00,396.69
65.0,400.2212307692307,0.0,5082.11,2026-03-12 14:38:00+00:00,397.08
65.0,400.2212307692307,0.0,4827.21,2026-03-12 14:39:00+00:00,396.865
65.0,400.2212307692307,0.0,4572.46,2026-03-12 14:40:00+00:00,396.76
65.0,400.2212307692307,0.0,4317.63,2026-03-12 14:41:00+00:00,396.42
65.0,400.2212307692307,0.0,4062.8,2026-03-12 14:42:00+00:00,396.48
65.0,400.2212307692307,0.0,3807.67,2026-03-12 14:43:00+00:00,396.8
66.0,400.18,-397.5,5582.88,2026-03-12 14:44:00+00:00,397.5
73.0,399.911506849315,-2781.66,37981.67,2026-03-12 14:45:00+00:00,397.38
83.0,399.7137349397589,-3982.7,51272.25,2026-03-12 14:46:00+00:00,398.27
94.0,399.3868085106382,-4366.12,55733.65,2026-03-12 14:47:00+00:00,396.92
105.0,399.0686666666666,-4359.85,55711.310000000005,2026-03-12 14:48:00+00:00,396.35
115.0,398.7474782608695,-3953.75,53804.65,2026-03-12 14:49:00+00:00,395.375
125.0,398.43968,-3949.0,50874.43,2026-03-12 14:50:00+00:00,394.9
134.0,398.2274626865671,-3557.5199999999995,47825.920000000006,2026-03-12 14:51:00+00:00,395.28
143.0,398.0419580419579,-3557.5199999999995,44521.43,2026-03-12 14:52:00+00:00,395.28
151.0,397.9125827814568,-3164.8,41609.3,2026-03-12 14:53:00+00:00,395.6
158.0,397.7990506329113,-2767.4500000000003,38842.12,2026-03-12 14:54:00+00:00,395.35
165.0,397.71127272727256,-2770.11,36069.56,2026-03-12 14:55:00+00:00,395.73
171.0,397.6296491228068,-2372.31,33698.51,2026-03-12 14:56:00+00:00,395.385
177.0,397.5588135593219,-2373.24,31325.04,2026-03-12 14:57:00+00:00,395.54
182.0,397.4992307692306,-1976.95,29347.23,2026-03-12 14:58:00+00:00,395.39
187.0,397.44978609625656,-1978.25,27366.58,2026-03-12 14:59:00+00:00,395.65
191.0,397.4172251308899,-1583.58,23741.97,2026-03-12 15:00:00+00:00,395.895
195.0,397.38097435897424,-1582.6,20631.22,2026-03-12 15:01:00+00:00,395.65
198.0,397.3576262626262,-1187.52,17915.579999999998,2026-03-12 15:02:00+00:00,395.84
201.0,397.3383333333333,-1188.195,15452.935,2026-03-12 15:03:00+00:00,396.065
203.0,397.3249507389162,-791.96,12833.4,2026-03-12 15:04:00+00:00,395.98
205.0,397.3116341463414,-791.92,10469.24,2026-03-12 15:05:00+00:00,395.96
206.0,397.3038834951456,-395.715,8905.365,2026-03-12 15:06:00+00:00,395.715
207.0,397.2960869565217,-395.69,7595.75,2026-03-12 15:07:00+00:00,395.69
208.0,397.2897115384615,-395.97,6285.66,2026-03-12 15:08:00+00:00,395.97
209.0,397.283923444976,-396.08,5230.9400000000005,2026-03-12 15:09:00+00:00,396.08
209.0,397.283923444976,0.0,4976.24,2026-03-12 15:10:00+00:00,396.12
104.0,397.283923444976,41588.4,46309.55,2026-03-12 15:11:00+00:00,396.08
52.0,397.283923444976,20580.04,60610.96,2026-03-12 15:12:00+00:00,395.77
26.0,397.283923444976,10295.87,73356.13,2026-03-12 15:13:00+00:00,395.995
13.0,397.283923444976,5148.974999999999,76835.925,2026-03-12 15:14:00+00:00,396.075
6.0,397.283923444976,2773.26,75751.09999999999,2026-03-12 15:15:00+00:00,396.18
3.0,397.283923444976,1188.66,72065.95,2026-03-12 15:16:00+00:00,396.22
1.0,397.283923444976,793.37,68133.20999999999,2026-03-12 15:17:00+00:00,396.685
0.0,0.0,396.245,63946.785,2026-03-12 15:18:00+00:00,396.245
0.0,0.0,0.0,59509.54,2026-03-12 15:19:00+00:00,396.15
0.0,0.0,0.0,55071.55,2026-03-12 15:20:00+00:00,396.05
0.0,0.0,0.0,51038.66,2026-03-12 15:21:00+00:00,395.93
0.0,0.0,0.0,47404.25,2026-03-12 15:22:00+00:00,396.145
0.0,0.0,0.0,44173.95,2026-03-12 15:23:00+00:00,396.53
0.0,0.0,0.0,40944.92,2026-03-12 15:24:00+00:00,396.775
0.0,0.0,0.0,38117.62,2026-03-12 15:25:00+00:00,396.78
0.0,0.0,0.0,70022.87,2026-03-12 15:26:00+00:00,397.56
0.0,0.0,0.0,85767.95,2026-03-12 15:27:00+00:00,397.55
0.0,0.0,0.0,93844.15,2026-03-12 15:28:00+00:00,397.425
0.0,0.0,0.0,97881.05,2026-03-12 15:29:00+00:00,396.91
0.0,0.0,0.0,99899.55,2026-03-12 15:30:00+00:00,397.065
0.0,0.0,0.0,100706.88,2026-03-12 15:31:00+00:00,397.245
0.0,0.0,0.0,101110.65,2026-03-12 15:32:00+00:00,396.825
0.0,0.0,0.0,101514.42,2026-03-12 15:33:00+00:00,396.89
0.0,0.0,0.0,94123.48,2026-03-12 15:34:00+00:00,396.98
0.0,0.0,0.0,87252.64,2026-03-12 15:35:00+00:00,397.11
0.0,0.0,0.0,80895.21,2026-03-12 15:36:00+00:00,396.6
0.0,0.0,0.0,75043.78,2026-03-12 15:37:00+00:00,397.285
0.0,0.0,0.0,69442.66,2026-03-12 15:38:00+00:00,397.34
0.0,0.0,0.0,64338.72,2026-03-12 15:39:00+00:00,398.88
0.0,0.0,0.0,59746.47,2026-03-12 15:40:00+00:00,398.075
0.0,0.0,0.0,55405.63,2026-03-12 15:41:00+00:00,398.25
0.0,0.0,0.0,78652.49,2026-03-12 15:42:00+00:00,398.625
0.0,0.0,0.0,90146.82,2026-03-12 15:43:00+00:00,398.72
0.0,0.0,0.0,96021.96,2026-03-12 15:44:00+00:00,398.44
0.0,0.0,0.0,98832.8,2026-03-12 15:45:00+00:00,398.76
0.0,0.0,0.0,100362.94,2026-03-12 15:46:00+00:00,397.82
0.0,0.0,0.0,93865.13,2026-03-12 15:47:00+00:00,397.25
0.0,0.0,0.0,87258.57,2026-03-12 15:48:00+00:00,398.28
0.0,0.0,0.0,81057.06,2026-03-12 15:49:00+00:00,397.84
0.0,0.0,0.0,75003.66,2026-03-12 15:50:00+00:00,397.955
0.0,0.0,0.0,69754.18,2026-03-12 15:51:00+00:00,397.755
0.0,0.0,0.0,64909.78,2026-03-12 15:52:00+00:00,398.14
0.0,0.0,0.0,60061.3,2026-03-12 15:53:00+00:00,398.16
0.0,0.0,0.0,81067.22,2026-03-12 15:54:00+00:00,398.29
0.0,0.0,0.0,91567.06,2026-03-12 15:55:00+00:00,398.23
0.0,0.0,0.0,96819.19,2026-03-12 15:56:00+00:00,398.28
0.0,0.0,0.0,99242.11,2026-03-12 15:57:00+00:00,397.95
0.0,0.0,0.0,100453.68,2026-03-12 15:58:00+00:00,398.01
0.0,0.0,0.0,93860.73,2026-03-12 15:59:00+00:00,398.25
0.0,0.0,0.0,87374.34,2026-03-12 16:00:00+00:00,398.22
0.0,0.0,0.0,80993.6,2026-03-12 16:01:00+00:00,398.48
0.0,0.0,0.0,75121.93,2026-03-12 16:02:00+00:00,398.225
0.0,0.0,0.0,69501.81,2026-03-12 16:03:00+00:00,398.83
0.0,0.0,0.0,64391.61,2026-03-12 16:04:00+00:00,399.11
0.0,0.0,0.0,83036.54,2026-03-12 16:05:00+00:00,399.07
0.0,0.0,0.0,92231.45,2026-03-12 16:06:00+00:00,398.735
0.0,0.0,0.0,97083.35,2026-03-12 16:07:00+00:00,398.035
0.0,0.0,0.0,99380.03,2026-03-12 16:08:00+00:00,397.38
0.0,0.0,0.0,93399.7,2026-03-12 16:09:00+00:00,397.58
16.0,398.145,-6370.32,80682.85999999999,2026-03-12 16:10:00+00:00,398.145
30.0,398.0843333333333,-5572.21,69319.37,2026-03-12 16:11:00+00:00,398.015
42.0,398.0059523809524,-4773.72,59965.38,2026-03-12 16:12:00+00:00,397.81
52.0,398.08653846153845,-3984.25,51539.93,2026-03-12 16:13:00+00:00,398.425
61.0,398.202868852459,-3589.875,44310.875,2026-03-12 16:14:00+00:00,398.875
30.0,398.202868852459,12380.47,53456.58,2026-03-12 16:15:00+00:00,399.37
15.0,398.202868852459,5995.275,55817.105,2026-03-12 16:16:00+00:00,399.685
7.0,398.202868852459,3195.52,79219.89,2026-03-12 16:17:00+00:00,399.44
3.0,398.202868852459,1597.4,90916.75,2026-03-12 16:18:00+00:00,399.35
1.0,398.202868852459,798.26,96566.53,2026-03-12 16:19:00+00:00,399.13
0.0,0.0,399.15,99394.4,2026-03-12 16:20:00+00:00,399.15
0.0,0.0,0.0,100609.9,2026-03-12 16:21:00+00:00,399.89
0.0,0.0,0.0,101419.8,2026-03-12 16:22:00+00:00,400.025
0.0,0.0,0.0,101824.74,2026-03-12 16:23:00+00:00,399.91
0.0,0.0,0.0,101824.74,2026-03-12 16:24:00+00:00,399.49
0.0,0.0,0.0,101824.74,2026-03-12 16:25:00+00:00,399.27
0.0,0.0,0.0,101824.74,2026-03-12 16:26:00+00:00,398.64
0.0,0.0,0.0,101824.74,2026-03-12 16:27:00+00:00,398.965
0.0,0.0,0.0,101824.74,2026-03-12 16:28:00+00:00,399.045
0.0,0.0,0.0,94411.26,2026-03-12 16:29:00+00:00,398.81
0.0,0.0,0.0,94411.26,2026-03-12 16:30:00+00:00,398.9
0.0,0.0,0.0,87508.71,2026-03-12 16:31:00+00:00,398.81
0.0,0.0,0.0,87508.71,2026-03-12 16:32:00+00:00,399.44
0.0,0.0,0.0,87508.71,2026-03-12 16:33:00+00:00,399.84
0.0,0.0,0.0,87508.71,2026-03-12 16:34:00+00:00,399.965
0.0,0.0,0.0,87508.71,2026-03-12 16:35:00+00:00,399.83
0.0,0.0,0.0,87508.71,2026-03-12 16:36:00+00:00,399.94
0.0,0.0,0.0,87508.71,2026-03-12 16:37:00+00:00,400.24
0.0,0.0,0.0,87508.71,2026-03-12 16:38:00+00:00,400.62
0.0,0.0,0.0,87508.71,2026-03-12 16:39:00+00:00,400.635
0.0,0.0,0.0,87508.71,2026-03-12 16:40:00+00:00,400.51
0.0,0.0,0.0,87508.71,2026-03-12 16:41:00+00:00,400.36
0.0,0.0,0.0,87508.71,2026-03-12 16:42:00+00:00,400.395
0.0,0.0,0.0,87508.71,2026-03-12 16:43:00+00:00,400.155
0.0,0.0,0.0,87508.71,2026-03-12 16:44:00+00:00,400.17
0.0,0.0,0.0,87508.71,2026-03-12 16:45:00+00:00,399.895
0.0,0.0,0.0,87508.71,2026-03-12 16:46:00+00:00,399.215
0.0,0.0,0.0,87508.71,2026-03-12 16:47:00+00:00,399.35
0.0,0.0,0.0,87508.71,2026-03-12 16:48:00+00:00,399.69
16.0,400.15,-6402.4,81106.31000000001,2026-03-12 16:49:00+00:00,400.15
0.0,400.15,0.0,61529.21,2026-03-12 17:56:00+00:00,396.36
0.0,400.15,0.0,61529.21,2026-03-12 17:57:00+00:00,396.66
0.0,400.15,0.0,61529.21,2026-03-12 17:58:00+00:00,396.88
0.0,400.15,0.0,61529.21,2026-03-12 17:59:00+00:00,397.25
0.0,400.15,0.0,61529.21,2026-03-12 18:00:00+00:00,397.43
0.0,400.15,0.0,61529.21,2026-03-12 18:01:00+00:00,397.3
0.0,400.15,0.0,61529.21,2026-03-12 18:02:00+00:00,397.71
0.0,400.15,0.0,61529.21,2026-03-12 18:03:00+00:00,397.85
0.0,400.15,0.0,61529.21,2026-03-12 18:04:00+00:00,397.83
0.0,400.15,0.0,61529.21,2026-03-12 18:05:00+00:00,397.875
0.0,400.15,0.0,61529.21,2026-03-12 18:06:00+00:00,397.8
0.0,400.15,0.0,61529.21,2026-03-12 18:07:00+00:00,398.17
0.0,400.15,0.0,61529.21,2026-03-12 18:08:00+00:00,398.16
0.0,400.15,0.0,61529.21,2026-03-12 18:09:00+00:00,398.03
0.0,400.15,0.0,61529.21,2026-03-12 18:10:00+00:00,398.25
0.0,400.15,0.0,61529.21,2026-03-12 18:11:00+00:00,398.32
0.0,400.15,0.0,61529.21,2026-03-12 18:12:00+00:00,398.19
0.0,400.15,0.0,61529.21,2026-03-12 18:13:00+00:00,398.23
0.0,400.15,0.0,61529.21,2026-03-12 18:14:00+00:00,398.25
0.0,400.15,0.0,61529.21,2026-03-12 18:15:00+00:00,398.345
0.0,400.15,0.0,61529.21,2026-03-12 18:16:00+00:00,398.355
0.0,400.15,0.0,61529.21,2026-03-12 18:17:00+00:00,398.225
0.0,400.15,0.0,61529.21,2026-03-12 18:18:00+00:00,397.995
0.0,400.15,0.0,61529.21,2026-03-12 18:19:00+00:00,397.82
0.0,0.0,0.0,61529.21,2026-03-12 18:20:00+00:00,397.28
11.0,397.165,-4368.8150000000005,57160.395,2026-03-12 18:21:00+00:00,397.165
21.0,397.40309523809526,-3976.65,53177.84,2026-03-12 18:22:00+00:00,397.665
31.0,397.4666129032258,-3976.0,49202.74,2026-03-12 18:23:00+00:00,397.6
40.0,397.503375,-3578.67,45622.57,2026-03-12 18:24:00+00:00,397.63
48.0,397.5478125,-3182.16,42438.64,2026-03-12 18:25:00+00:00,397.77
56.0,397.57955357142856,-3182.16,39256.96000000001,2026-03-12 18:26:00+00:00,397.77
63.0,397.5762698412698,-2782.85,36475.15,2026-03-12 18:27:00+00:00,397.55
69.0,397.5718115942028,-2385.15,34089.869999999995,2026-03-12 18:28:00+00:00,397.525
75.0,397.5852666666666,-2386.44,31702.26,2026-03-12 18:29:00+00:00,397.74
80.0,397.5893124999999,-1988.25,29714.73,2026-03-12 18:30:00+00:00,397.65
85.0,397.5869999999999,-1987.75,27727.3,2026-03-12 18:31:00+00:00,397.55
90.0,397.5971666666665,-1988.85,25737.870000000003,2026-03-12 18:32:00+00:00,397.77
94.0,397.6062234042552,-1591.24,24146.48,2026-03-12 18:33:00+00:00,397.81
98.0,397.6031122448978,-1590.12,22557.56,2026-03-12 18:34:00+00:00,397.53
102.0,397.6069117647058,-1590.8,20966.42,2026-03-12 18:35:00+00:00,397.7
105.0,397.598,-1191.885,19775.735,2026-03-12 18:36:00+00:00,397.295
108.0,397.5969444444444,-1192.68,18582.38,2026-03-12 18:37:00+00:00,397.56
111.0,397.5994594594594,-1193.07,17388.86,2026-03-12 18:38:00+00:00,397.69
114.0,397.6047368421053,-1193.4,16195.04,2026-03-12 18:39:00+00:00,397.8
117.0,397.6053846153846,-1192.89,15002.57,2026-03-12 18:40:00+00:00,397.63
119.0,397.606806722689,-795.38,14207.070000000002,2026-03-12 18:41:00+00:00,397.69
119.0,397.606806722689,0.0,14206.52,2026-03-13 13:07:00+00:00,400.33
119.0,397.606806722689,0.0,14206.52,2026-03-13 13:30:00+00:00,398.36
119.0,397.606806722689,0.0,14206.52,2026-03-13 13:31:00+00:00,397.02
119.0,397.606806722689,0.0,14206.52,2026-03-13 13:32:00+00:00,397.6
119.0,397.606806722689,0.0,14206.52,2026-03-13 13:33:00+00:00,397.71
119.0,397.606806722689,0.0,14206.52,2026-03-13 13:34:00+00:00,397.19
119.0,397.606806722689,0.0,14206.52,2026-03-13 13:35:00+00:00,396.55
119.0,397.606806722689,0.0,14206.52,2026-03-13 13:36:00+00:00,395.97
119.0,397.606806722689,0.0,14206.52,2026-03-13 13:37:00+00:00,396.25
119.0,397.606806722689,0.0,14206.52,2026-03-13 13:38:00+00:00,396.57
119.0,397.606806722689,0.0,14206.52,2026-03-13 13:39:00+00:00,396.42
119.0,397.606806722689,0.0,14206.52,2026-03-13 13:40:00+00:00,395.705
119.0,397.606806722689,0.0,14206.52,2026-03-13 13:41:00+00:00,396.445
119.0,397.606806722689,0.0,14206.52,2026-03-13 13:42:00+00:00,397.515
119.0,397.606806722689,0.0,14206.52,2026-03-13 13:43:00+00:00,397.985
119.0,397.606806722689,0.0,14206.52,2026-03-13 13:44:00+00:00,397.54
119.0,397.606806722689,0.0,14206.52,2026-03-13 13:45:00+00:00,398.285
119.0,397.606806722689,0.0,14206.52,2026-03-13 13:46:00+00:00,398.91
119.0,397.606806722689,0.0,14206.52,2026-03-13 13:47:00+00:00,398.745
119.0,397.606806722689,0.0,14206.52,2026-03-13 13:48:00+00:00,398.425
119.0,397.606806722689,0.0,14206.52,2026-03-13 13:49:00+00:00,398.325
119.0,397.606806722689,0.0,14206.52,2026-03-13 13:50:00+00:00,398.31
119.0,397.606806722689,0.0,14206.52,2026-03-13 13:51:00+00:00,398.505
119.0,397.606806722689,0.0,14206.52,2026-03-13 13:52:00+00:00,398.71
